{
  "pixel_mae_Wm2": 7.667478084564209,
  "pixel_rmse_Wm2": 10.60263256275262,
  "pixel_r2": 0.6418914794921875,
  "city_mae_Wm2": 6.151861667633057,
  "city_rmse_Wm2": 8.743062784321404,
  "city_r2": 0.7356662750244141,
  "city_bias_Wm2": -1.6464263200759888
}